Id;Name;ParentId__c;Level__c;Ancestors__c
a1g1l000000NevcAAC;Hicham;;0;a1g1l000000NevcAAC
a1g1l000000Niz2AAC;Hicham - 123 - Onload Test 14;a1g1l000000NevcAAC;1;a1g1l000000NevcAAC-aa1g1l000000Niz2AAC
a1g1l000000NhCAAA0;Hicham - 123 - test01;a1g1l000000NevcAAC;1;a1g1l000000NevcAAC-a1g1l000000NhCAAA0
a1g1l000000NhCeAAK;Hicham - test001;a1g1l000000NhCAAA0;2;a1g1l000000NevcAAC-a1g1l000000NhCAAA0-a1g1l000000NhCeAAK
a1g1l000000NhCoAAK;Hicham - test002;a1g1l000000NhCeAAK;3;a1g1l000000NevcAAC-a1g1l000000NhCAAA0-a1g1l000000NhCeAAK-a1g1l000000NhCoAAK
a1g1l000000NhCtAAK;Hicham - test0001;a1g1l000000NhCeAAK;3;a1g1l000000NevcAAC-a1g1l000000NhCAAA0-a1g1l000000NhCeAAK-a1g1l000000NhCtAAK
a1g1l000000NhDXAA0;Hicham - hicham parent 03;a1g1l000000NhCAAA0;2;a1g1l000000NevcAAC-a1g1l000000NhCAAA0-a1g1l000000NhDXAA0
a1g1l000000NhCFAA0;Hicham - 123 - test 02;a1g1l000000NevcAAC;1;a1g1l000000NevcAAC-a1g1l000000NhCFAA0
a1g1l000000NhCUAA0;Hicham - 123 - test 03;a1g1l000000NhCFAA0;2;a1g1l000000NevcAAC-a1g1l000000NhCFAA0-a1g1l000000NhCUAA0
a1g1l000000NhDIAA0;Hicham - hicham Parent 01;a1g1l000000NhCUAA0;3;a1g1l000000NevcAAC-a1g1l000000NhCFAA0-a1g1l000000NhCUAA0-a1g1l000000NhDIAA0
a1g1l000000NhD8AAK;Hicham - test00001;a1g1l000000NhCFAA0;2;a1g1l000000NevcAAC-a1g1l000000NhCFAA0-a1g1l000000NhD8AAK
a1g1l000000NhDcAAK;Hicham - parent 04;a1g1l000000NevcAAC;1;a1g1l000000NevcAAC-a1g1l000000NhDcAAK
a1g1l000000NhDwAAK;Hicham - parent 05;a1g1l000000NevcAAC;1;a1g1l000000NevcAAC-a1g1l000000NhDwAAK
a1g1l000000NhE1AAK;Hicham - parent06;a1g1l000000NevcAAC;1;a1g1l000000NevcAAC-a1g1l000000NhE1AAK
a1g1l000000NiwMAAS;Hicham - 123 - test01HichamOnload;a1g1l000000NevcAAC;1;a1g1l000000NevcAAC-a1g1l000000NiwMAAS
a1g1l000000NiydAAC;Hicham - 123 - Onload Test 08;a1g1l000000NevcAAC;1;a1g1l000000NevcAAC-a1g1l000000NiydAAC
a1g1l000000NiyEAAS;Hicham - 123 - Onload Test 03;a1g1l000000NevcAAC;1;a1g1l000000NevcAAC-a1g1l000000NiyEAAS
a1g1l000000NiyJAAS;Hicham - 123 - Onload Test 0501;a1g1l000000NevcAAC;1;a1g1l000000NevcAAC-a1g1l000000NiyJAAS
a1g1l000000NiynAAC;Hicham - 123 - Onload test 10;a1g1l000000NevcAAC;1;a1g1l000000NevcAAC-a1g1l000000NiynAAC
a1g1l000000NiyOAAS;Hicham - 123 - Onload Test 04;a1g1l000000NevcAAC;1;a1g1l000000NevcAAC-a1g1l000000NiyOAAS
a1g1l000000NiyPAAS;Hicham - 123 - Onload Test 11;a1g1l000000NevcAAC;1;a1g1l000000NevcAAC-a1g1l000000NiyPAAS
a1g1l000000NiyTAAS;Hicham - 123 - Onload Test 06;a1g1l000000NevcAAC;1;a1g1l000000NevcAAC-a1g1l000000NiyTAAS
a1g1l000000NiyxAAC;Hicham - 123 - Onload test 13;a1g1l000000NevcAAC;1;a1g1l000000NevcAAC-a1g1l000000NiyxAAC
a1g1l000000Niy9AAC;Hicham - 123 - OnloadTest 02;a1g1l000000NevcAAC;1;a1g1l000000NevcAAC-a1g1l000000Niy9AAC
a1g1l000000NizgAAC;Hicham - 123 - OnloadTest 901;a1g1l000000NevcAAC;1;a1g1l000000NevcAAC-a1g1l000000NizgAAC
a1g1l000000NizHAAS;Hicham - 123 - Onload Test 0001;a1g1l000000NevcAAC;1;a1g1l000000NevcAAC-a1g1l000000NizHAAS
a1g1l000000NizMAAS;Hicham - 123 - Onload Test 0002;a1g1l000000NevcAAC;1;a1g1l000000NevcAAC-a1g1l000000NizMAAS
a1g1l000000NizWAAS;Hicham - 123 - Onload Test 1001;a1g1l000000NevcAAC;1;a1g1l000000NevcAAC-a1g1l000000NizWAAS
a1g1l000000Niz8AAC;Hicham - 123 - Onload Test 001;a1g1l000000NevcAAC;1;a1g1l000000NevcAAC-a1g1l000000Niz8AAC
a1g1l000000NjEgAAK;Hicham - 123 - 0000relation;a1g1l000000NevcAAC;1;a1g1l000000NevcAAC-a1g1l000000NjEgAAK
a1g1l000000NjNjAAK;Hicham - 123 - test ancestor 01;a1g1l000000NevcAAC;1;a1g1l000000NevcAAC-a1g1l000000NjNjAAK
a1g1l000000NhDNAA0;Hicham - hicham parent 02;;0;a1g1l000000NhDNAA0
a1g1l000000NhDSAA0;Hicham - test01;a1g1l000000NhDNAA0;1;a1g1l000000NhDNAA0-a1g1l000000NhDSAA0
a1g1l000000NhEBAA0;Hicham - 08;;0;a1g1l000000NhEBAA0
a1g1l000000NhEGAA0;Hicham - 09;a1g1l000000NhEBAA0;1;a1g1l000000NhEBAA0-a1g1l000000NhEGAA0
a1g1l000000NhEQAA0;Hicham - 11;a1g1l000000NhEGAA0;2;a1g1l000000NhEBAA0-a1g1l000000NhEGAA0-a1g1l000000NhEQAA0
a1g1l000000NhE6AAK;Hicham - parent07;;0;a1g1l000000NhE6AAK
a1g1l000000NhELAA0;Hicham - 10;a1g1l000000NhE6AAK;1;a1g1l000000NhE6AAK-a1g1l000000NhELAA0
a1g1l000000NhFiAAK;Hicham - parent001;;0;a1g1l000000NhFiAAK
a1g1l000000NhFnAAK;Hicham - 001;;0;a1g1l000000NhFnAAK
a1g1l000000NhFsAAK;Hicham - 000121;;0;a1g1l000000NhFsAAK
a1g1l000000NhFxAAK;Hicham - parent*1001;;0;a1g1l000000NhFxAAK
a1g1l000000NhG7AAK;Hicham - Parent000002;a1g1l000000NhFxAAK;1;a1g1l000000NhFxAAK-a1g1l000000NhG7AAK
a1g1l000000NhGbAAK;Hicham - test02;;0;a1g1l000000NhGbAAK
a1g1l000000NhGCAA0;Hicham - Parent901;;0;a1g1l000000NhGCAA0
a1g1l000000NhGHAA0;Hicham - parent902;a1g1l000000NhGCAA0;1;a1g1l000000NhGCAA0-a1g1l000000NhGHAA0
a1g1l000000NhGgAAK;Hicham - test03;;0;a1g1l000000NhGgAAK
a1g1l000000NhGlAAK;Hicham - test04;;0;a1g1l000000NhGlAAK
a1g1l000000NhGMAA0;Hicham - Parent00901;;0;a1g1l000000NhGMAA0
a1g1l000000NhGqAAK;Hicham - test05;;0;a1g1l000000NhGqAAK
a1g1l000000NhGrAAK;Hicham - test05;;0;a1g1l000000NhGrAAK
a1g1l000000NhGRAA0;Hicham - Parent009005;;0;a1g1l000000NhGRAA0
a1g1l000000NhGvAAK;Hicham - test05;;0;a1g1l000000NhGvAAK
a1g1l000000NhGWAA0;Hicham - test01;;0;a1g1l000000NhGWAA0
a1g1l000000NhG2AAK;Hicham - point00001;;0;a1g1l000000NhG2AAK
a1g1l000000NhHAAA0;Hicham - test08;;0;a1g1l000000NhHAAA0
a1g1l000000NhHFAA0;Hicham - test 09;;0;a1g1l000000NhHFAA0
a1g1l000000NhHKAA0;Hicham - test 10;a1g1l000000NhHFAA0;1;a1g1l000000NhHFAA0-a1g1l000000NhHKAA0
a1g1l000000NhHPAA0;Hicham - test11;;0;a1g1l000000NhHPAA0
a1g1l000000NhHUAA0;Hicham - test12;a1g1l000000NhHPAA0;1;a1g1l000000NhHPAA0-a1g1l000000NhHUAA0
a1g1l000000NhH0AAK;Hicham - test 06;;0;a1g1l000000NhH0AAK
a1g1l000000NhH5AAK;Hicham - test07;;0;a1g1l000000NhH5AAK
a1g1l000000NhWXAA0;Hicham - hicham test 100;;0;a1g1l000000NhWXAA0
a1g1l000000NiyiAAC;Hicham - Onload Test 09;;0;a1g1l000000NiyiAAC
a1g1l000000NiysAAC;Hicham - Onload Test 12;;0;a1g1l000000NiysAAC
a1g1l000000NiyYAAS;Hicham - Onload test 07;;0;a1g1l000000NiyYAAS
a1g1l000000NizbAAC;Hicham - Onload Test 1002;;0;a1g1l000000NizbAAC
a1g1l000000NizCAAS;Hicham - Onload Test 002;;0;a1g1l000000NizCAAS
a1g1l000000NizRAAS;Hicham - Onload Test 0003;;0;a1g1l000000NizRAAS
a1g1l000000Niz7AAC;Hicham - Onload Test 15;;0;a1g1l000000Niz7AAC
a1g1l000000NjBmAAK;Hicham - 123 - Root Test 01;;0;a1g1l000000NjBmAAK
a1g1l000000NhHZAA0;Hicham - test 00010;a1g1l000000NhH5AAK;1;a1g1l000000NjBmAAK-a1g1l000000NhHZAA0
a1g1l000000NjBrAAK;Hicham - 123 - Child Of The Root test 01;a1g1l000000NjBmAAK;1;a1g1l000000NjBmAAK-a1g1l000000NjBrAAK
a1g1l000000NjBwAAK;Hicham - Child 02 Of The Root test 01;a1g1l000000NjBrAAK;2;a1g1l000000NjBmAAK-a1g1l000000NjBrAAK-a1g1l000000NjBwAAK
a1g1l000000NjC1AAK;Hicham - Child 03 Of The Root test 01;a1g1l000000NjBwAAK;3;a1g1l000000NjBmAAK-a1g1l000000NjBrAAK-a1g1l000000NjBwAAK-a1g1l000000NjC1AAK
a1g1l000000NjCBAA0;Hicham - Child 05 Of The Root test 01;a1g1l000000NjBrAAK;2;a1g1l000000NjBmAAK-a1g1l000000NjBrAAK-a1g1l000000NjCBAA0
a1g1l000000NjCLAA0;Hicham - 123 - Child 07 Of The Root test 01;a1g1l000000NjBmAAK;1;a1g1l000000NjBmAAK-a1g1l000000NjCLAA0
a1g1l000000NjC6AAK;Hicham - 123 - Child 04 Of The Root test 01;a1g1l000000NjBmAAK;1;a1g1l000000NjBmAAK-a1g1l000000NjC6AAK
a1g1l000000NjCGAA0;Hicham - Child 06 Of The Root test 01;a1g1l000000NjC6AAK;2;a1g1l000000NjBmAAK-a1g1l000000NjC6AAK-a1g1l000000NjCGAA0
